chapter,transcript,is_present,id,start_frame,end_frame
ch07,what toys have we got <name>?,true,ch07_97412_98926,4871,4946
ch07,what's this?,true,ch07_100464_100914,5023,5046
ch07,are you sure?,true,ch07_103529_104776,5176,5239
ch07,no,true,ch07_108270_110409,5414,5520
ch07,ah,true,ch07_110503_110817,5525,5541
ch07,lizard,true,ch07_111432_112822,5572,5641
ch07,i think you might be right,true,ch07_112881_115191,5644,5760
ch07,should we make the lizard walk along?,true,ch07_115310_116493,5766,5825
ch07,yeah,true,ch07_117671_118263,5884,5913
ch07,let's make let's make the different,true,ch07_118329_119931,5916,5997
ch07,the way they did the the animals move,true,ch07_120650_122529,6032,6126
ch07,so how would a lizard move across the table?,true,ch07_122529_124479,6126,6224
ch07,that's right,true,ch07_129812_130606,6491,6530
ch07,are lizards fast or slow do you think?,true,ch07_130810_132510,6540,6626
ch07,<laugh>,true,ch07_135200_136628,6760,6831
ch07,then bring it back again,true,ch07_136928_137896,6846,6895
ch07,ah,true,ch07_139560_139996,6978,7000
ch07,mr lizard,true,ch07_139996_140659,7000,7033
ch07,do you see him looking happy or sad today?,true,ch07_140659_142863,7033,7143
ch07,<laugh>,true,ch07_146936_147358,7347,7368
ch07,grumpy,true,ch07_147451_148492,7373,7425
ch07,are you grumpy mr lizard?,true,ch07_149328_150817,7466,7541
ch07,what should we call him,true,ch07_151450_152364,7572,7618
ch07,no,true,ch07_154885_155095,7744,7755
ch07,that's not a nice name,true,ch07_155095_156213,7755,7811
ch07,let's think of another name,true,ch07_156316_157424,7816,7871
ch07,mr fast the lizard,true,ch07_163098_164348,8155,8217
ch07,mr fast <noise>,true,ch07_165018_166902,8251,8345
ch07,<noise>,true,ch07_167333_168115,8367,8406
ch07,he's really fast,true,ch07_171263_172343,8563,8617
ch07,do lizards bounce?,true,ch07_173278_174368,8664,8718
ch07,i don't think they bounce,true,ch07_177204_178378,8860,8919
ch07,i don't think so,true,ch07_183117_183830,9156,9192
ch07,what animals,true,ch07_183830_184490,9192,9224
ch07,i don't,true,ch07_189314_189868,9466,9493
ch07,bring him back,true,ch07_195232_195781,9762,9789
ch07,bring him back on the table,true,ch07_196683_197612,9834,9881
ch07,<name>,true,ch07_197954_198170,9898,9908
ch07,do you remember seeing little lizards when we were on holiday?,true,ch07_198170_200290,9908,10014
ch07,yeah did you see them bounce?,true,ch07_202430_203990,10122,10200
ch07,no what did you see them do?,true,ch07_207432_209119,10372,10456
ch07,i didn't see them hop,true,ch07_211699_212729,10585,10636
ch07,i saw them crawl,true,ch07_213139_214301,10657,10715
ch07,and i saw them crawl sometimes up a wall like that,true,ch07_214301_217055,10715,10853
ch07,do you remember?,true,ch07_218777_219547,10939,10977
ch07,no?,true,ch07_220993_221505,11050,11075
ch07,but also the ones we saw on holiday were about this big,true,ch07_222198_225669,11110,11283
ch07,i'm watching,true,ch07_226798_227424,11340,11371
ch07,oh,true,ch07_228957_229902,11448,11495
ch07,what's he called again?,true,ch07_230640_231513,11532,11576
ch07,mr fast,true,ch07_236095_237255,11805,11863
ch07,so,true,ch07_237663_238537,11883,11927
ch07,i do you know what?,true,ch07_240827_241590,12041,12080
ch07,i was looking at him,true,ch07_241590_242445,12080,12122
ch07,and i was thinking where are his eyes?,true,ch07_242445_245118,12122,12256
ch07,can you see his eyes anywhere?,true,ch07_245931_247204,12297,12360
ch07,have a good old look all around him,true,ch07_252656_254255,12633,12713
ch07,have you seen,true,ch07_258520_259176,12926,12959
ch07,i know mommy got it upside down,true,ch07_261213_262921,13061,13146
ch07,but actually do bats go upside down,true,ch07_262921_266079,13146,13304
ch07,or do they go the right way up?,true,ch07_266079_267307,13304,13365
ch07,why do they go upside down darling?,true,ch07_270419_271921,13521,13596
ch07,have a think about it,true,ch07_285941_286917,14297,14346
ch07,why do you think they might do that?,true,ch07_286917_288418,14346,14421
ch07,what are they doing when they are hanging upside down?,true,ch07_292297_294561,14615,14728
ch07,they are aren't they?,true,ch07_296712_298283,14836,14914
ch07,do you think they hang upside down,true,ch07_299028_300435,14951,15022
ch07,because it is easier to hold on upside down,true,ch07_300465_303487,15023,15174
ch07,than if they stay up like that?,true,ch07_303487_304888,15174,15244
ch07,well do you think when they go upside down it makes their eyes shut?,true,ch07_306209_308289,15310,15414
ch07,i don't really know the answer,true,ch07_314758_316271,15738,15814
ch07,and what does a bat do?,true,ch07_317027_318250,15851,15912
ch07,show me what a bat does,true,ch07_318256_319269,15913,15963
ch07,<laugh>,true,ch07_320858_321167,16043,16058
ch07,see his wings,true,ch07_321167_322080,16058,16104
ch07,that's right,true,ch07_324317_325827,16216,16291
ch07,<name>,true,ch07_327396_327729,16370,16386
ch07,have you ever seen a real bat?,true,ch07_327729_329269,16386,16463
ch07,no?,true,ch07_330435_331102,16522,16555
ch07,mommy and dad,true,ch07_331917_332682,16596,16634
ch07,shall i tell you when mommy and daddy see a bat sometimes?,true,ch07_333134_335474,16657,16774
ch07,you don't want to know,true,ch07_336430_337294,16822,16865
ch07,we see bats in the evening,true,ch07_338267_340839,16913,17042
ch07,after it's gone dark,true,ch07_340890_342611,17044,17131
ch07,and sometimes you see a bat,true,ch07_343223_344683,17161,17234
ch07,and it will fly pass the window,true,ch07_344824_346158,17241,17308
ch07,and we will be like hang on a minute,true,ch07_346158_347848,17308,17392
ch07,it can't be a bird,true,ch07_347848_349128,17392,17456
ch07,coz birds don't come out after dark,true,ch07_349158_351258,17458,17563
ch07,that's how we know it's a bat,true,ch07_352069_354129,17603,17706
ch07,what other animals were on the table just now?,false,ch07_394913_397743,19746,19887
ch07,mmhm,false,ch07_401652_402368,20083,20118
ch07,bat,false,ch07_408986_409686,20449,20484
ch07,there was a pink one i remember,false,ch07_410525_412362,20526,20618
ch07,what was the pink one?,false,ch07_412448_413624,20622,20681
ch07,okay,false,ch07_416408_416677,20820,20834
ch07,this is the clue oink oink,false,ch07_416677_418102,20834,20905
ch07,good,false,ch07_419607_420095,20980,21005
ch07,i saw one wear the big fluffly brown mane,false,ch07_420186_423759,21009,21188
ch07,what would that be?,false,ch07_425217_426030,21261,21302
ch07,a lion,false,ch07_427524_428406,21376,21420
ch07,roar,false,ch07_428516_429324,21426,21466
ch07,so bats only come out at night,false,ch07_440942_443712,22047,22186
ch07,and you know that the bats have those two eyes,false,ch07_444532_446862,22227,22343
ch07,actually,false,ch07_447911_448608,22396,22430
ch07,this is a really weird thing,false,ch07_448608_449945,22430,22497
ch07,bats can't see,false,ch07_450332_451727,22517,22586
ch07,they're blind,false,ch07_452469_453406,22623,22670
ch07,i know,false,ch07_456680_457601,22834,22880
ch07,no,false,ch07_464084_464468,23204,23223
ch07,they're just made like that,false,ch07_464468_465681,23223,23284
ch07,i know,false,ch07_467541_468056,23377,23403
ch07,isn't that awful?,false,ch07_468056_469291,23403,23465
ch07,so,false,ch07_471050_471225,23552,23561
ch07,how do they manage to fly around?,false,ch07_471225_472855,23561,23643
ch07,pretending to be blind?,false,ch07_477125_478213,23856,23911
ch07,do you remember how hard it was?,false,ch07_478213_479439,23911,23972
ch07,like you kept bumping into things,false,ch07_480084_481584,24004,24079
ch07,bang,false,ch07_490393_491242,24520,24562
ch07,that's it,false,ch07_491817_492296,24591,24615
ch07,see it's really hard,false,ch07_492325_493343,24616,24667
ch07,so how do bats fly around with their eyes if they can't see?,false,ch07_493663_496763,24683,24838
ch07,do you know why?,false,ch07_498156_498902,24908,24945
ch07,shall i tell you why?,false,ch07_498912_499834,24946,24992
ch07,i think this is right they send out vibrations,false,ch07_502068_505686,25103,25284
ch07,that bounce off the things that are they're flying around,false,ch07_506131_510047,25307,25502
ch07,so that stops them banging into them,false,ch07_510067_512467,25503,25623
ch07,so i we do you know what we've not done yet?,false,ch07_536093_538651,26805,26933
ch07,we gave a name to the lizard,false,ch07_538651_540041,26933,27002
ch07,but we didn't give a name to the bat did we?,false,ch07_540114_541854,27006,27093
ch07,let's call the name,false,ch07_545897_547142,27295,27357
ch07,let's let's give the name to a bat that begins with 'b',false,ch07_547142_550262,27357,27513
ch07,for 'bat',false,ch07_550963_551483,27548,27574
ch07,bo,false,ch07_556111_556384,27806,27819
ch07,<laugh>,false,ch07_556384_556855,27819,27843
ch07,box the bat,false,ch07_557667_558587,27883,27929
ch07,that's a bit of a silly name,false,ch07_562153_563414,28108,28171
ch07,what should we give the name to the lion?,false,ch07_567057_568904,28353,28445
ch07,<laugh>,false,ch07_626476_627251,31324,31363
ch07,so let's name the animals,false,ch07_627281_629117,31364,31456
ch07,what have we got?,false,ch07_629149_629866,31457,31493
ch07,what's the name of the lizard?,false,ch07_630159_631266,31508,31563
ch07,what's the name of the lizard?,false,ch07_634047_634907,31702,31745
ch07,mr,false,ch07_638042_639116,31902,31956
ch07,what's the name of the bat?,false,ch07_639923_641663,31996,32083
ch07,box the bat,false,ch07_647349_648074,32367,32404
ch07,the lion,false,ch07_651174_651894,32559,32595
ch07,what's the name of the lion?,false,ch07_651894_652766,32595,32638
ch07,what's the name of the lion?,false,ch07_656263_657211,32813,32861
ch07,lu,false,ch07_659957_660706,32998,33035
ch07,ooh,true,ch07_666303_666532,33315,33327
ch07,i can hear some,true,ch07_666659_667349,33333,33367
ch07,ha,true,ch07_667349_668137,33367,33407
ch07,<name>,true,ch07_681945_682255,34097,34113
ch07,what's this?,true,ch07_694453_695073,34723,34754
ch07,that's it you'd,true,ch07_702777_703373,35139,35169
ch07,where where you were doing it the first time,true,ch07_704135_705732,35207,35287
ch07,that's exactly,true,ch07_705732_706455,35287,35323
ch07,daddy's taught you to do that hasn't he on his violin?,true,ch07_706720_709147,35336,35457
ch07,can i have a go?,true,ch07_712588_713457,35629,35673
ch07,doesn't make much of a noise does it?,true,ch07_721398_722816,36070,36141
ch07,i think it's not turned on,true,ch07_724248_725659,36212,36283
ch07,i don't know how this works,true,ch07_733443_734583,36672,36729
ch07,right,true,ch07_738503_738798,36925,36940
ch07,let me teach you something about how you do the trumpet,true,ch07_738872_741292,36944,37065
ch07,so you don't put your mouth all the way over it,true,ch07_741292_744117,37065,37206
ch07,<noise>,true,ch07_744575_745315,37229,37266
ch07,you just go like this,true,ch07_745676_746538,37284,37327
ch07,you you know when you go can you go like this?,true,ch07_746538_748953,37327,37448
ch07,<noise>,true,ch07_749179_749557,37459,37478
ch07,<noise>,true,ch07_750893_751203,37545,37560
ch07,now put your lips there like you're doing <noise>,true,ch07_752124_755204,37606,37760
ch07,<laugh>,true,ch07_758142_759338,37907,37967
ch07,or just blow,true,ch07_763383_764303,38169,38215
ch07,maybe this is a blow one,true,ch07_764404_765358,38220,38268
ch07,yeah good,true,ch07_765358_766408,38268,38320
ch07,blow realy hard,true,ch07_766501_767225,38325,38361
ch07,can i have a go?,true,ch07_773885_774606,38694,38730
ch07,is that hard?,true,ch07_775706_776295,38785,38815
ch07,can i have a go?,true,ch07_776799_777317,38840,38866
ch07,well how do i hold this then?,true,ch07_778172_779412,38909,38971
ch07,<laugh>,true,ch07_785934_786626,39297,39331
ch07,you're better at it than me,true,ch07_788163_789744,39408,39487
ch07,let me try,true,ch07_791732_792102,39587,39605
ch07,let me try,true,ch07_792102_792578,39605,39629
ch07,try and keep your lips really close together,true,ch07_799668_801346,39983,40067
ch07,that's it,true,ch07_801661_802100,40083,40105
ch07,so the air doesn't escape around the edge,true,ch07_802200_803791,40110,40190
ch07,you need a lot of puff,true,ch07_813385_814456,40669,40723
ch07,have another go,true,ch07_815788_816425,40789,40821
ch07,so press one,true,ch07_819852_820787,40993,41039
ch07,one,true,ch07_820842_821191,41042,41060
ch07,these are called valves,true,ch07_821191_822361,41060,41118
ch07,so press one valve at a time,true,ch07_822812_824831,41141,41242
ch07,that's it,true,ch07_827197_827737,41360,41387
ch07,there you are,true,ch07_828551_829208,41428,41460
ch07,now you making different notes aren't you?,true,ch07_829721_831203,41486,41560
ch07,oh,true,ch07_836930_837170,41846,41858
ch07,no,true,ch07_837277_837825,41864,41891
ch07,um,true,ch07_840751_840983,42038,42049
ch07,let's look at the other things first,true,ch07_840983_842278,42049,42114
ch07,we turn this on?,true,ch07_842278_842997,42114,42150
ch07,let's keep trying <name>,true,ch07_860355_861706,43018,43085
ch07,and also there's lots of percussion instruments here,true,ch07_862831_865157,43142,43258
ch07,what is this darling?,true,ch07_865641_866712,43282,43336
ch07,what do you call this?,true,ch07_866831_867344,43342,43367
ch07,is have you ever seen a violin this small?,true,ch07_871552_873919,43578,43696
ch07,it's really small,true,ch07_875956_876837,43798,43842
ch07,who's it for do you think if it is so small?,true,ch07_876837_879027,43842,43951
ch07,who would play such a small violin?,true,ch07_879027_880666,43951,44033
ch07,can you sit down?,true,ch07_888378_889399,44419,44470
ch07,did i,true,ch07_892344_892815,44617,44641
ch07,oh,true,ch07_892831_892980,44642,44649
ch07,hang on,true,ch07_892980_893359,44649,44668
ch07,let's pluck,true,ch07_893359_893875,44668,44694
ch07,so instead of using the bow,true,ch07_894147_895650,44707,44782
ch07,why don't you get your finger,true,ch07_896133_897411,44807,44871
ch07,oops,true,ch07_898026_898287,44901,44914
ch07,and pluck it,true,ch07_898681_899337,44934,44967
ch07,oops,true,ch07_899387_899661,44969,44983
ch07,that probably wasn't meant to happen,true,ch07_899661_901053,44983,45053
ch07,pluck it,true,ch07_902180_902544,45109,45127
ch07,does that make a noise?,true,ch07_904621_905431,45231,45272
ch07,kind of,true,ch07_907803_908343,45390,45417
ch07,there must be a way to turn it on,true,ch07_909145_910704,45457,45535
ch07,but i haven't worked it out,true,ch07_910717_912209,45536,45610
ch07,that's an interesting noise isn't it?,true,ch07_914129_915707,45706,45785
ch07,that sounds a bit like rain,true,ch07_919685_921135,45984,46057
ch07,raindrops don't you think?,true,ch07_922891_924041,46145,46202
ch07,try these,true,ch07_942330_942733,47116,47137
ch07,these are fantastic,true,ch07_942733_943663,47137,47183
ch07,these are easy,true,ch07_943739_944492,47187,47225
ch07,they are called,true,ch07_946473_949093,47324,47455
ch07,i think they're called claves,true,ch07_949093_950373,47455,47519
ch07,and these are called castanets,true,ch07_951144_954924,47557,47746
ch07,you bang them together exactly like you're doing to make a rhythm,true,ch07_956417_958923,47821,47946
ch07,so let's say we have to do a rhythm in an orchestra,true,ch07_958943_961485,47947,48074
ch07,you copy my rhythm,true,ch07_961897_962937,48095,48147
ch07,listen,true,ch07_963113_963574,48156,48179
ch07,yeah well done,true,ch07_976423_978508,48821,48925
ch07,haven't done these yet,true,ch07_980787_981679,49039,49084
ch07,quick,true,ch07_981691_981861,49085,49093
ch07,i really wanted to try that,true,ch07_985054_986179,49253,49309
ch07,put it on your mouth darling,true,ch07_992562_993966,49628,49698
ch07,okay,true,ch07_1002699_1003020,50135,50151
ch07,he really wants to learn the trumpet,true,ch07_1017254_1018660,50863,50933
ch07,and to give it back darling,true,ch07_1019786_1020732,50989,51037
ch07,yeah,false,ch07_1176293_1176964,58815,58848
ch07,what was your favourite out of all those instruments?,false,ch07_1178047_1180325,58902,59016
ch07,trumpet,false,ch07_1186955_1187935,59348,59397
ch07,i knew it would be trumpet,false,ch07_1188125_1189825,59406,59491
ch07,why do you like the trumpet so much <name>?,false,ch07_1190268_1192188,59513,59609
ch07,loud,false,ch07_1197202_1197652,59860,59883
ch07,yeah,false,ch07_1205230_1205756,60262,60288
ch07,can you do that?,false,ch07_1228560_1229255,61428,61463
ch07,i liked out of those instruments on the table,false,ch07_1233740_1236092,61687,61805
ch07,you didn't have a go with them,false,ch07_1236115_1237132,61806,61857
ch07,but i liked the castanets that you just go,false,ch07_1237132_1239352,61857,61968
ch07,click click click,false,ch07_1239551_1240449,61978,62022
ch07,like shh,false,ch07_1240838_1241308,62042,62065
ch07,like crab claws,false,ch07_1241536_1242686,62077,62134
ch07,where're you off to?,false,ch07_1244985_1246094,62249,62305
ch07,can you come and be a crab claw with me?,false,ch07_1249329_1250849,62466,62542
ch07,<laugh>,false,ch07_1252985_1256741,62649,62837
ch07,pretend to be crab claw,false,ch07_1260387_1261419,63019,63071
ch07,no,false,ch07_1266053_1266424,63303,63321
ch07,i got to snap you,false,ch07_1266424_1267654,63321,63383
ch07,i'm going to snap you,false,ch07_1267894_1271559,63395,63578
ch07,no,false,ch07_1271559_1271819,63578,63591
ch07,i'm a bigger crab than you,false,ch07_1271819_1273673,63591,63684
ch07,i got bigger claws,false,ch07_1273677_1274618,63684,63731
ch07,look,false,ch07_1274618_1274878,63731,63744
ch07,okay,false,ch07_1283260_1283548,64163,64177
ch07,what other instruments were on the table just now,false,ch07_1283548_1285482,64177,64274
ch07,can you remember?,false,ch07_1285482_1286072,64274,64304
ch07,hmm,false,ch07_1295428_1296007,64771,64800
ch07,trumpet,false,ch07_1296093_1297183,64805,64859
ch07,what was that thing that you tr,false,ch07_1298834_1300074,64942,65004
ch07,keyboard,false,ch07_1300103_1300595,65005,65030
ch07,what was the try thing you were trying to bow?,false,ch07_1300595_1302244,65030,65112
ch07,violin,false,ch07_1307644_1308433,65382,65422
ch07,sit down sweetie,false,ch07_1311201_1312283,65560,65614
ch07,who plays violin?,false,ch07_1315250_1316157,65762,65808
ch07,daddy,false,ch07_1317928_1319219,65896,65961
ch07,cool,true,ch07_1341285_1341913,67064,67096
ch07,what are all these things?,true,ch07_1341913_1343304,67096,67165
ch07,can you remember what that does?,true,ch07_1344309_1345426,67215,67271
ch07,sit down and i'll explain,true,ch07_1349752_1351010,67488,67550
ch07,well i'll i'll give you a clue,true,ch07_1351010_1352189,67550,67609
ch07,but you have used one of these,true,ch07_1352189_1353674,67609,67684
ch07,i'll tell you when you might get this out,true,ch07_1354352_1356137,67718,67807
ch07,when it's your birthday,true,ch07_1357682_1359822,67884,67991
ch07,what would i do with it?,true,ch07_1360959_1361955,68048,68098
ch07,what would you do with it darling?,true,ch07_1366729_1367985,68336,68399
ch07,what would you put on the end here?,true,ch07_1371077_1372819,68554,68641
ch07,look,true,ch07_1372836_1373018,68642,68651
ch07,put your hand over there,true,ch07_1373018_1374041,68651,68702
ch07,put your hand over there,true,ch07_1374418_1375056,68721,68753
ch07,and i'll do this,true,ch07_1375056_1375676,68753,68784
ch07,and what do you feel?,true,ch07_1375701_1376632,68785,68832
ch07,air,true,ch07_1378112_1378479,68906,68924
ch07,so what would i put over the end of here?,true,ch07_1378539_1380313,68927,69016
ch07,a balloon,true,ch07_1381260_1382243,69063,69112
ch07,it blows up balloons,true,ch07_1382243_1383553,69112,69178
ch07,we haven't got anything on the table to blow up,true,ch07_1387224_1389052,69361,69453
ch07,i'll tell you what put it in here,true,ch07_1389072_1390328,69454,69516
ch07,put it in there,true,ch07_1391172_1391934,69559,69597
ch07,and let's see if air comes out at the end of,true,ch07_1391934_1393614,69597,69681
ch07,what is this thing here?,true,ch07_1393909_1395021,69695,69751
ch07,this is a funnel,true,ch07_1397314_1398417,69866,69921
ch07,let me see if i can,true,ch07_1398959_1399725,69948,69986
ch07,oh,true,ch07_1399976_1400204,69999,70010
ch07,yeah,true,ch07_1400204_1400732,70010,70037
ch07,can you do it on my face?,true,ch07_1400964_1401836,70048,70092
ch07,right,true,ch07_1408409_1408558,70420,70428
ch07,i'll hold that,true,ch07_1408558_1409169,70428,70458
ch07,oh,true,ch07_1413152_1413323,70658,70666
ch07,that makes the air sound a lot longer,true,ch07_1413323_1414905,70666,70745
ch07,what's this for?,true,ch07_1415141_1416048,70757,70802
ch07,whisking,true,ch07_1418063_1418819,70903,70941
ch07,what would we whisk with it?,true,ch07_1418819_1419894,70941,70995
ch07,let's whisk something in here,true,ch07_1420894_1422182,71045,71109
ch07,what can we whisk in the little cup?,true,ch07_1422182_1423661,71109,71183
ch07,what might you whisk?,true,ch07_1423932_1424732,71197,71237
ch07,let's pretend we put something in there,true,ch07_1429633_1431489,71482,71574
ch07,what should we put in there?,true,ch07_1431497_1432705,71575,71635
ch07,i love torches,true,ch07_1439373_1440433,71969,72022
ch07,does it turn on?,true,ch07_1441562_1442515,72078,72126
ch07,oh,true,ch07_1444369_1444858,72218,72243
ch07,let me try,true,ch07_1445540_1446309,72277,72315
ch07,could i try?,true,ch07_1446344_1446908,72317,72345
ch07,do you know what <name>?,true,ch07_1448817_1449816,72441,72491
ch07,why do you think it doesn't work?,true,ch07_1449816_1451214,72491,72561
ch07,what does it need inside it to make it work?,true,ch07_1451728_1454108,72586,72705
ch07,ba,true,ch07_1455509_1455719,72775,72786
ch07,bat,true,ch07_1457143_1457543,72857,72877
ch07,a battery doesn't it?,true,ch07_1461392_1463577,73070,73179
ch07,things need batteries to work don't they,true,ch07_1463735_1466207,73187,73310
ch07,and they do,true,ch07_1466207_1466638,73310,73332
ch07,should we have a look and see if there's a battery inside it?,true,ch07_1466959_1469269,73348,73463
ch07,is there?,true,ch07_1470646_1471192,73532,73560
ch07,can i have a look?,true,ch07_1478525_1479346,73926,73967
ch07,can you see a battery?,true,ch07_1481287_1482397,74064,74120
ch07,no,true,ch07_1491959_1492575,74598,74629
ch07,ooh,true,ch07_1492575_1492721,74629,74636
ch07,oops,true,ch07_1492721_1493051,74636,74653
ch07,don't let's not break this,true,ch07_1493105_1494293,74655,74715
ch07,so there's no battery,true,ch07_1494719_1495785,74736,74789
ch07,so that's why the torch isn't turning on at the moment,true,ch07_1495825_1499045,74791,74952
ch07,don't think it needs a battery,true,ch07_1501012_1502265,75051,75113
ch07,don't know,true,ch07_1504489_1505032,75224,75252
ch07,try to pick something up,true,ch07_1505032_1505963,75252,75298
ch07,can you pick up can you pick up this handle?,true,ch07_1512705_1515579,75635,75779
ch07,um,true,ch07_1520282_1521119,76014,76056
ch07,well i think we're just meant to play with these things on the table,true,ch07_1521194_1524183,76060,76209
ch07,okay,true,ch07_1530274_1530693,76514,76535
ch07,well i'm going to pretend to break an egg into here,true,ch07_1530693_1533612,76535,76681
ch07,do you remember how to break an egg?,true,ch07_1533612_1534769,76681,76738
ch07,well i think we're just meant to play with the tools on the table darling,true,ch07_1540324_1543754,77016,77188
ch07,i'll be a crab with these,true,ch07_1548281_1549420,77414,77471
ch07,can i,true,ch07_1550855_1551148,77543,77557
ch07,blow it,true,ch07_1556670_1557119,77834,77856
ch07,let me blow in your face,true,ch07_1557119_1558079,77856,77904
ch07,that you see what it,true,ch07_1558101_1558604,77905,77930
ch07,see if it feels like a windy day,true,ch07_1559037_1560393,77952,78020
ch07,does it feel windy?,true,ch07_1563967_1564776,78198,78239
ch07,ooh,true,ch07_1568083_1568722,78404,78436
ch07,that's lovely,true,ch07_1568722_1569974,78436,78499
ch07,i'll tell you what,true,ch07_1571332_1572107,78567,78605
ch07,should we take this on holiday next year when it's really hot?,true,ch07_1572107_1574847,78605,78742
ch07,and if we're sitting by a swimmming pool and getting a bit hot,true,ch07_1575719_1577937,78786,78897
ch07,i'll just go <name> do you want cooling down?,true,ch07_1577937_1580096,78897,79005
ch07,oh,true,ch07_1585183_1585392,79259,79270
ch07,yeah,true,ch07_1585392_1585990,79270,79300
ch07,that's a good idea,true,ch07_1585990_1587014,79300,79351
ch07,we could blow the sand of our bucket and spade couldn't we?,true,ch07_1587403_1591283,79370,79564
ch07,if it gets a bit sandy,true,ch07_1592524_1594024,79626,79701
ch07,yeah put them in carefully,true,ch07_1610548_1611856,80527,80593
ch07,no,false,ch07_1619886_1620519,80994,81026
ch07,torch didn't work,false,ch07_1620519_1621708,81026,81085
ch07,what what do we need a torch for <name>?,false,ch07_1624433_1626833,81222,81342
ch07,okay,false,ch07_1639994_1640800,82000,82040
ch07,well let's just talk about what we've just seen,false,ch07_1640820_1642751,82041,82138
ch07,so what do we use a torch for?,false,ch07_1642861_1645262,82143,82263
ch07,why do we need a torch?,false,ch07_1645393_1646353,82270,82318
ch07,yeah,false,ch07_1649233_1650514,82462,82526
ch07,have we ever used a torch together?,false,ch07_1650931_1652550,82547,82628
ch07,ah,false,ch07_1653603_1653931,82680,82697
ch07,i know when we,false,ch07_1654647_1655843,82732,82792
ch07,yeah we,false,ch07_1656408_1657181,82820,82859
ch07,at the festival you had a torch on your head,false,ch07_1658262_1662215,82913,83111
ch07,and we could see the way home couldn't we?,false,ch07_1662581_1664290,83129,83214
ch07,and inside the tent,false,ch07_1664579_1665719,83229,83286
ch07,so we could see our things,false,ch07_1666409_1667344,83320,83367
ch07,and we didn't trip over them,false,ch07_1667344_1668316,83367,83416
ch07,yeah,false,ch07_1669386_1669688,83469,83484
ch07,don't pi,false,ch07_1672559_1673015,83628,83651
ch07,<name> listen,false,ch07_1689694_1690827,84485,84541
ch07,i would quite like a whisk like that,false,ch07_1690827_1692695,84541,84635
ch07,do you think because do you know why?,false,ch07_1693496_1694977,84675,84749
ch07,because we've only got a big whisk haven't we?,false,ch07_1695397_1697354,84770,84868
ch07,we haven't got a really little one,false,ch07_1697354_1698784,84868,84939
ch07,and i think a little one would be really useful if we just wanted to whisk like one egg,false,ch07_1699561_1704541,84978,85227
ch07,don't you think?,false,ch07_1705766_1706426,85288,85321
ch07,so can i have a can i ask you something?,false,ch07_1707159_1709799,85358,85490
ch07,you know it's gonna be my birthday soon,false,ch07_1710623_1712883,85531,85644
ch07,do you think you might be able to give me one for my birthday?,false,ch07_1713510_1715493,85676,85775
ch07,yeah,false,ch07_1716579_1716996,85829,85850
ch07,you really liked it didn't you?,false,ch07_1871201_1872594,93560,93630
ch07,ooh,true,ch07_1882021_1882586,94101,94129
ch07,what are these?,true,ch07_1888179_1889309,94409,94465
ch07,do you know what they all are?,true,ch07_1892246_1893357,94612,94668
ch07,see if you can name them,true,ch07_1893482_1894512,94674,94726
ch07,this is actually something that's been cut in half,true,ch07_1901446_1904309,95072,95215
ch07,and we've got one in our fruit bowl right now,true,ch07_1904309_1906494,95215,95325
ch07,ki,true,ch07_1910850_1911210,95542,95560
ch07,kiwi,true,ch07_1913250_1913965,95662,95698
ch07,kiwi fruit,true,ch07_1915398_1916369,95770,95818
ch07,see if you can guess,true,ch07_1919926_1920915,95996,96046
ch07,and see if you can,true,ch07_1920923_1921891,96046,96095
ch07,mushroom,true,ch07_1922128_1924080,96106,96204
ch07,carrots,true,ch07_1925241_1926211,96262,96311
ch07,lemon,true,ch07_1927582_1928596,96379,96430
ch07,in our tin,true,ch07_1933035_1933893,96652,96695
ch07,right,true,ch07_1935232_1935685,96762,96784
ch07,oh,true,ch07_1935884_1936038,96794,96802
ch07,yeah,true,ch07_1936038_1936235,96802,96812
ch07,we do yeah,true,ch07_1936235_1936859,96812,96843
ch07,what's this?,true,ch07_1937045_1937535,96852,96877
ch07,what's that meant to be?,true,ch07_1939037_1940113,96952,97006
ch07,hmm,true,ch07_1941578_1942072,97079,97104
ch07,it's not broccoli is it?,true,ch07_1943599_1944907,97180,97245
ch07,what else is it?,true,ch07_1946609_1947279,97330,97364
ch07,oh,true,ch07_1949964_1950248,97498,97512
ch07,i know what it might be,true,ch07_1950248_1951670,97512,97584
ch07,parsley,true,ch07_1954293_1955323,97715,97766
ch07,do you know what parsley looks?,true,ch07_1957687_1958944,97884,97947
ch07,no that's not cabbage darling,true,ch07_1960207_1961653,98010,98083
ch07,we haven't had this for ages,true,ch07_1963113_1964532,98156,98227
ch07,because you don't have these in summer,true,ch07_1964532_1965895,98227,98295
ch07,you get this in autumn and winter,true,ch07_1965940_1967723,98297,98386
ch07,and mummy loves them,true,ch07_1968184_1969152,98409,98458
ch07,and i make really nice soup out of them,true,ch07_1969152_1971182,98458,98559
ch07,something and potato soups if you can remember what it is,true,ch07_1972367_1975027,98618,98751
ch07,le le,true,ch07_1977965_1979059,98898,98953
ch07,begins lee,true,ch07_1979089_1980098,98954,99005
ch07,lee,true,ch07_1980227_1980585,99011,99029
ch07,leek,true,ch07_1983084_1983584,99154,99179
ch07,i don' t know,true,ch07_1991892_1993359,99595,99668
ch07,no,true,ch07_1996174_1996383,99809,99819
ch07,which animal,true,ch07_1997890_1999570,99894,99978
ch07,okay,true,ch07_2010568_2010945,100528,100547
ch07,well let's be patient and talk about these things here,true,ch07_2010945_2013404,100547,100670
ch07,what animal eats this?,true,ch07_2013702_2015042,100685,100752
ch07,bunnies,true,ch07_2017495_2018238,100875,100912
ch07,<noise>,true,ch07_2018339_2019114,100917,100956
ch07,<noise>,true,ch07_2020075_2022920,101004,101146
ch07,and where do we see these?,true,ch07_2023976_2025496,101199,101275
ch07,careful not too far in your mouth,true,ch07_2026418_2027629,101321,101381
ch07,where did we see these?,true,ch07_2028024_2028994,101401,101450
ch07,mushrooms,true,ch07_2032973_2033448,101649,101672
ch07,where do we see mushrooms,true,ch07_2033448_2034458,101672,101723
ch07,where do you see them growing?,true,ch07_2034700_2035824,101735,101791
ch07,in woods,true,ch07_2036888_2037446,101844,101872
ch07,you do,true,ch07_2037446_2038189,101872,101909
ch07,that's right,true,ch07_2038189_2039139,101909,101957
ch07,when,true,ch07_2043538_2044038,102177,102202
ch07,did you?,true,ch07_2045947_2046918,102297,102346
ch07,what in <name>?,true,ch07_2047134_2048199,102357,102410
ch07,where?,true,ch07_2049748_2050389,102487,102519
ch07,on a log,true,ch07_2052488_2053226,102624,102661
ch07,where was the log?,true,ch07_2053226_2054036,102661,102702
ch07,ho,true,ch07_2062340_2062601,103117,103130
ch07,yeah yeah yeah,true,ch07_2063692_2065453,103185,103273
ch07,i remember you pointing them out,true,ch07_2065453_2066817,103273,103341
ch07,there were quite a lot of them weren't there?,true,ch07_2066817_2068360,103341,103418
ch07,but would we pick those mushrooms and eat them off the log?,true,ch07_2069799_2073023,103490,103651
ch07,do you think we'd do that?,true,ch07_2075699_2076639,103785,103832
ch07,do you think we'd pick them and bring them home,true,ch07_2077011_2078521,103851,103926
ch07,and eat them?,true,ch07_2078521_2079080,103926,103954
ch07,why not?,true,ch07_2079747_2080409,103987,104020
ch07,yeah,true,ch07_2083455_2084766,104173,104238
ch07,they might do darling,true,ch07_2090214_2091438,104511,104572
ch07,did you learn that from 'into the woods'?,true,ch07_2091438_2092930,104572,104646
ch07,well you just know that do you?,true,ch07_2093958_2095800,104698,104790
ch07,yeah,true,ch07_2096429_2096979,104821,104849
ch07,so we only ever eat mush,true,ch07_2097009_2098385,104850,104919
ch07,no,true,ch07_2102087_2102237,105104,105112
ch07,let's talk about,true,ch07_2102237_2102856,105112,105143
ch07,what about this?,true,ch07_2102856_2103746,105143,105187
ch07,what's this little chap?,true,ch07_2103811_2104851,105191,105243
ch07,have you ever eaten a lemon?,true,ch07_2108217_2109620,105411,105481
ch07,no,true,ch07_2112432_2112754,105622,105638
ch07,would you know what,true,ch07_2112754_2113603,105638,105680
ch07,no i don't think anyone would like to eat a lemon like that,true,ch07_2113812_2116427,105691,105821
ch07,just like that,true,ch07_2117076_2117659,105854,105883
ch07,why not?,true,ch07_2117679_2118409,105884,105920
ch07,coz it's really <noise>,true,ch07_2121083_2124733,106054,106237
ch07,makes you get like that <noise>,true,ch07_2125026_2126520,106251,106326
ch07,but what i do like lemon,true,ch07_2127101_2129159,106355,106458
ch07,i like lemon cake,true,ch07_2129159_2130199,106458,106510
ch07,we like lemon cake don't we?,true,ch07_2130360_2131735,106518,106587
ch07,we've had lemon cake before,true,ch07_2132360_2133764,106618,106688
ch07,oh,true,ch07_2134830_2134962,106742,106748
ch07,yeah,true,ch07_2134962_2135063,106748,106753
ch07,i was just gonna say,true,ch07_2135063_2135738,106753,106787
ch07,what's mommy's favourite ice cream?,true,ch07_2135738_2137099,106787,106855
ch07,i love lemon ice cream,true,ch07_2138926_2141082,106946,107054
ch07,it's very refreshing,true,ch07_2142334_2143654,107117,107183
ch07,yeah,false,ch07_2166124_2166333,108306,108317
ch07,while she goes and gets the other toy,false,ch07_2166333_2167830,108317,108392
ch07,out of all those foods on the table,false,ch07_2168872_2171089,108444,108554
ch07,what's your favourite one that you like eating?,false,ch07_2171323_2173193,108566,108660
ch07,yeah,false,ch07_2185648_2186400,109282,109320
ch07,your favourite food that we just had on the table,false,ch07_2187438_2189754,109372,109488
ch07,what was the favourite one?,false,ch07_2189754_2190839,109488,109542
ch07,what do you eat quite a lot of?,false,ch07_2191013_2192202,109551,109610
ch07,carrots,false,ch07_2193885_2194735,109694,109737
ch07,because you're like a bunny rabbit aren't you darling?,false,ch07_2195270_2197139,109764,109857
ch07,and you like eating leeks in mommy's soup don't you?,false,ch07_2202360_2205679,110118,110284
ch07,when it when it gets colder we'll buy some leeks,false,ch07_2206807_2209027,110340,110451
ch07,and you can help me make some soups okay?,false,ch07_2209158_2211086,110458,110554
ch07,would you like to do that?,false,ch07_2211227_2212018,110561,110601
ch07,would you like to do that?,false,ch07_2215216_2216060,110761,110803
ch07,or we could make some lemon cake,false,ch07_2217106_2219926,110855,110996
ch07,what do you think?,false,ch07_2222250_2222840,111112,111142
ch07,would you like me to get you a tissue?,false,ch07_2232255_2233785,111613,111689
ch07,<name>,false,ch07_2237432_2237769,111872,111888
ch07,no,false,ch07_2248871_2249034,112444,112452
ch07,i mean in whole wide world,false,ch07_2249034_2250347,112452,112517
ch07,what,false,ch07_2254294_2254625,112715,112731
ch07,more than cheese?,false,ch07_2254625_2256325,112731,112816
ch07,are you serious?,false,ch07_2259818_2260928,112991,113046
ch07,what,false,ch07_2261578_2261950,113079,113097
ch07,more than chocolate?,false,ch07_2261950_2263700,113097,113185
ch07,what,false,ch07_2266132_2266433,113307,113322
ch07,more than cake?,false,ch07_2266433_2268333,113322,113417
ch07,noo,false,ch07_2269953_2271443,113498,113572
ch07,what characters can you think of?,false,ch07_2357680_2359140,117884,117957
